Title,Organization,Description,Date Info,Deadline,URL,Scraped
Register now for KEY ESG's Q32026SustainabilitySummit,keyesg.com,"Joinsustainability, risk and compliance leaders atSustainabilityUnlocked — KEY ESG's hands-onsummitseries. Register your interest for the next event.",—,—,https://www.keyesg.com/article/key-esgs-q3-2026-summit,2026-03-24
World Future EnergySummit2026to spotlight potential of AI... - MESIA,mesia.com,"The2026edition of the World Future EnergySummitwill also explore the role of AI in healthcare, food security, and weather modelling, with a keynote presentation on Earth Two Climate, G42...",—,—,https://mesia.com/world-future-energy-summit-2026-to-spotlight-potential-of-ai-in-middle-easts-clean-energy-sector/,2026-03-24
Dushanbe WaterConference2026| Water for Sustainable Development,conf2026.dushanbewaterprocess.org,"4th High-Level InternationalConferenceon the International Decade for Action 'Water for Sustainable Development' 2018-2028. Dushanbe, 25-28 May2026.",28 May2026,Due in 2 months,https://conf2026.dushanbewaterprocess.org/,2026-03-24
AmsterdamConferences| Amsterdam Meetings | Amsterdam Events,conferenceseries.com,"March 30-31,2026. 21st InternationalConferenceon Ophthalmology and Vision Science. Amsterdam, Netherlands.Title: PreConferenceWorkshop onEnvironmentalPollution Monitoring and Control.",—,—,https://www.conferenceseries.com/amsterdam-meetings,2026-03-24
Sustainability LIVE: The US Summit 2026,sustainabilitymag.com,"SustainabilityLIVE: The USSummitreturns on 21-22 April2026. Co-located with Procurement & Supply Chain LIVE: The USSummitbrings together the leaders shaping the future of sustainable business. More than 1,000 attendees will gain access to strategic insight, practical solutions and the connections needed to drive measurable progress.",22 April2026,Due in 3 weeks,https://sustainabilitymag.com/events/sustainability-live-the-us-summit-2026,2026-03-25
Sustainability LIVE: The US Summit 2026 Returns to Chicago,bizclikmedia.com,"The team at BizClik andSustainabilityMagazine are bringing back one of North America's most anticipatedsustainabilityevents —SustainabilityLIVE: The USSummit2026, taking place on 21-22 April at Chicago's Navy Pier. Following the success of the inaugural USSummit, this year's edition promises to be even bigger, bolder, and more influential — reflecting the event's ...",—,—,https://bizclikmedia.com/sustainability-live-us-summit-chicago-2026,2026-03-25
Sustainability Summit 2026 - Washington DC,washington.org,"SustainabilitySummit2026Mar 25,2026. From: 8:00 AM to 11:30 AM Join Destination DC (DDC) and DC's Department of Energy and Environment (DOEE) at our third annualSustainabilitySummit. We will explore how the tourism, meetings and events industry can shape places, strengthen communities and advance a more sustainable future for Washington ...","Mar 25,2026",Deadline passed,https://washington.org/event/save-date-sustainability-summit,2026-03-25
2026 Midwest Sustainability Summit - Green Umbrella,greenumbrella.org,"The Midwest RegionalSustainabilitySummitis the largestsustainabilityconference in the Midwest, bringing together 650 passionate and visionary leaders to share inspiring, forward-thinking, and solution-oriented ideas that propel us toward a healthier, more resilient, sustainable, and equitable future.",—,—,https://greenumbrella.org/event/2026-midwest-sustainability-summit/,2026-03-25
About the Climate Weeks,unfccc.int,Activities mandated by the governing and subsidiary bodies at the United Nations Climate Change Conference in Belém and their respective cost implications. Note by the secretariat ... Sweden. 2026 National Inventory Document (NID).,—,—,https://unfccc.int/topics/climate-weeks,2026-03-25
San Francisco Climate Week 2026 Events | Climate Week,climateweeknetwork.org,"2 days ago -A week of climate innovation, policy, startups, and community events across San Francisco. Connect, collaborate, and accelerate climate solutions.",—,—,https://climateweeknetwork.org/sfcw-26/events,2026-03-25
Climate Week NYC 2026 | Climate Group,theclimategroup.org,"Every year, we bring together heads of state, global business leaders, philanthropic leaders, and civil society to accelerate climate action at scale. 2025 marked our biggest year yet: More than 100,000 participants, 5,500 leaders from business ...",—,—,https://www.theclimategroup.org/our-work/events/climate-week-nyc-2026,2026-03-25
Environment Conferences in USA 2026 - All Conference Alert,allconferencealert.com,"DiscoverEnvironmentConferencesin USA2026which brings together global researchers, industry experts, academicians, and professionals to explore the latest innovations, research trends, and practical applications in the field ofEnvironment.",—,—,https://www.allconferencealert.com/usa/environment-conference.html,2026-03-25
Environmental Science Conferences in 2026-2027,conferencelists.org,"9 hours ago ·DiscoverEnvironmentalScienceconferencesin2026-2027: Discuss climate change, sustainability, and globalenvironmentalprotection.",—,—,https://www.conferencelists.org/conference/topic/environmental-science/,2026-03-25
GlobalClimateConference2026: Key Agreements and Glob...,ulteh.in,"The GlobalClimateConference2026, held in Tokyo, marked a significant turning point in international environmental policy. As leaders from over 190 countries gathered...",—,—,https://ulteh.in/insights/global-climate-conference-2026-key-agreements-and-global-impact,2026-03-26
Purpose of theSummit–SustainableBuildings and Construction...,sustainable-construction.org,"Building on the success of the first Global Forum on Buildings and Climate held in Paris, France, two years prior, theSustainableBuildings and ConstructionSummit2026, is a landmark...",—,—,https://sustainable-construction.org/purpose/,2026-03-26
IWBI SocialSustainabilitySummit2026: Making Social...,cde.nus.edu.sg,"On 15 April in Singapore, the International WELL Building Institute (IWBI) SocialSustainabilitySummitwill convene leaders across corporate, real estate...",—,—,https://cde.nus.edu.sg/notices/iwbi-social-sustainability-summit-2026/,2026-03-26
Natural Stone Institute -2026FlooringSustainabilitySummit,naturalstoneinstitute.org,"Use code NSI10 for a 10% discount on your registration, courtesy of Natural Stone Institute. The2026FlooringSustainabilitySummit, is co-hosted by Tile Council of North American (TCNA)...",—,—,https://www.naturalstoneinstitute.org/events/calendar-of-events/2026-flooring-sustainability-summit/,2026-03-26
The 10th International Symposium on Transport Network Resilience ...,instr2026.sciencesconf.org,"📢 Welcome to INSTR2026We are pleased to invite you to submit your contribution to the 10th InternationalSymposiumon Transport NetworkResilience(INSTR2026), which will be held in Lyon, France, from July 15 to 17,2026. Following the success of the previous nine editions, INSTR2026aims to bring together the world's leading transportation researchers, practitioners, and policymakers ...",—,—,https://instr2026.sciencesconf.org/?lang=en,2026-03-26
Symposium 2026 | LIR Mainz - Leibniz-Institut für Resilienzforschung,lir-mainz.de,"September 23-25,2026Mainz, Germany - Get your ticket here! (30 min. from Frankfurt International Airport) September 22: Free Satellite Methods Workshop ""Quantification ofResiliencein Humans"" - Register here! Since 2015, thesymposiumhas been gathering the internationalresilienceresearch community and shaped the field. Examples? See here.",—,—,https://lir-mainz.de/resilience-symposium,2026-03-26
Sustainability World Summit Frankfurt 2026 | April 23-24 ESG Conference,key-notion.com,"Join the Sustainability World Summit in Frankfurt,April 23-24, 2026. Connect with ESG leaders, explore sustainable business innovations, and advance circular economy transformation strategies.",—,—,https://www.key-notion.com/sustainability-world-summit,2026-03-27
Home |ClimateChange Events| Sustainability... -ClimateWeek2026,climateweek.thepeopleevents.com,"By participating inClimateWeek2026, you will have the opportunity to engage in discussions on cutting-edge technologies, sustainability strategies, andclimateequity, while connecting...",—,—,https://climateweek.thepeopleevents.com/,2026-03-27
MumbaiClimateWeek2026: India’s First Citizen-Driven... - Sigma Earth,sigmaearth.com,The MumbaiClimateWeek2026goes beyond being a mere initiative; it is a comprehensive and ambitious year plan for the city to achieve net-zero emissions and beclimate-resilient.,—,—,https://sigmaearth.com/mumbai-climate-week-2026-indias-first-citizen-driven-climate-action-event/,2026-03-27
MumbaiClimateWeek2026: pavingclimatesolution for the Global...,devgatha.in,"The MumbaiClimateWeek2026, or MCW2026, India’s firstclimateaction event organized by the government of Maharashtra, was hailed as a major international event onclimatechange...",—,—,https://devgatha.in/en/good-governance/mumbai-climate-week-2026-heat-action-plan-30-maharashtra-cities/,2026-03-27
"Climate events 2026: Conferences, summits and more",thinklandscape.globallandscapesforum.org,"1 week ago -The European Center of Sustainable Development (ECSDEV), in collaboration with CIT University, is organizingICSD 2026under the theme “Creating a Unified Foundation for Sustainable Development: Research, Practice and Education” · The ...",—,—,https://thinklandscape.globallandscapesforum.org/101100/climate-events-2026/,2026-03-27
Environmental Conferences in 2026/2027/2028,waset.org,"EnvironmentalConferenceslists relevant events for national/international researchers, scientists, scholars, professionals, engineers, exhibitors, sponsors, academic, scientific and university practitioners to attend and present their research activities.",—,—,https://waset.org/environmental-conferences,2026-03-27
"Conferences on Environment 2026, 2027 | Conference Locate ...",clocate.com,"Find information onConferencesonEnvironment2026,2027, including dates, locations, price ranges, and more.",—,—,https://www.clocate.com/conferences-on+environment/c3UtMjUx/,2026-03-27
Full program for the gothenburgsustainabilitysummit,winwinaward.org,"The GothenburgSustainabilitySummit2026brings together research, leadership practice and real-world15:30. Announcement of the2026WIN WIN GothenburgSustainabilityAward.",—,—,https://www.winwinaward.org/news/full-program-for-the-gothenburg-sustainability-summit,2026-03-28
Placemaking andSustainabilityTake Center Stage at Destination DC...,exhibitoronline.com,"3/25/2026. WASHINGTON, DC – Destination DC (DDC), the official destination marketing organization for Washington, DC, today hosted its annualSustainabilitySummitat the historic...",—,—,https://www.exhibitoronline.com/news/article.asp?ID=25080,2026-03-28
Tinubu arrives in Abu Dhabi forsustainabilitysummit- 365Daily,365daily.com.ng,"The2026ADSW, themed “The Nexus of Next, All Systems Go,” focuses onsustainabledevelopment, climate action, energy transition, and inclusive growth.",—,—,https://365daily.com.ng/2026/01/12/tinubu-arrives-in-abu-dhabi-for-sustainability-summit/,2026-03-28
Navigating CorporateSustainabilityStrategy: The USSummit,sustainabilitymag.com,"Learn fromsustainabilityleaders from PepsiCo, Fifth Third Bank, Genesys and Restaurant Brands International at The Corporate Environmental Strategy Forum.",—,—,https://sustainabilitymag.com/news/navigating-corporate-sustainability-strategy-the-us-summit,2026-03-28
Climate Events | United Nations,un.org,"World Environment Day 2026focuses on the urgency of climate action, underscoring the need to rethink the systems that power our economies and repair our relationship with the climate.",—,—,https://www.un.org/en/climatechange/events,2026-03-28
SF Climate Week,sfclimateweek.org,"Monday,April 20, 2026• 5 p.m. – 7:00 PM PDT · Hosted by Phillip Kobernick Peninsula Clean Energy, SF Climate Week, Lauren Louie - Bay Area Air District","April 20, 2026",Due in 3 weeks,https://www.sfclimateweek.org/,2026-03-28
"Resilience Conference | London, UK",resilienceconference.io,"Produced by Resilience Media, the eventconnects NATO partners, government leaders, VCs, and founders to chart the path of modern defence innovation. Don’t miss your chance to be in the room where the future is being built.",—,—,https://www.resilienceconference.io/,2026-03-28
ResilienceCon - Life Paths Research Center,lifepathsresearch.org,"December 9, 2025 -ResilienceCon 2026 Keynote Speakers · 2026 Keynote Speaker – Jennifer M. Gómez · 2026 Keynote Speaker – Thomas R. Simon · 2026 Keynote Speaker – Christopher Thornton · ResilienceCon 2026 Agenda · 2026 Call for Submissions · Submit to ResilienceCon 2026 ·",—,—,https://lifepathsresearch.org/resiliencecon/,2026-03-28
Resilience 365 Conference 2026,resilience.miami.edu,"We are hosting our second annual two-day Resilience 365 Conference onMarch 17-18, 2026during Miami Climate Week to bring together thought leaders, researchers, and practitioners to catalyze action related to three primary themes:",—,—,https://resilience.miami.edu/news-and-events/conferences-and-symposia/2026-resilience365-conference/index.html,2026-03-28
Environmental Conferences 2026/2027/2028,conferenceindex.org,"Environmental Conferences 2026 2027 2028 is for the researchers, scientists, scholars, engineers, academic, scientific and university practitioners to ...",—,—,https://conferenceindex.org/conferences/environmental,2026-03-28
South Carolina Environmental Conference (SCEC) - Home,scwaters.org,"The 2026 South Carolina Environmental Conference set another attendance record with 2,231 attendees! ... 2027: March 14–17; Sheraton Myrtle Beach Convention ...",—,—,https://www.scwaters.org/mpage/scec,2026-03-28
"UN Climate Change Conference - Antalya, November 2026 - UNFCCC",unfccc.int,"COP 31 will be held in Antalya, Türkiye, from 9 to 20 November2026. More information will be provided soon. In the lead-up, the COP 30 Presidency and the incoming COP 31 Presidency are working together to foster an open, transparent and inclusive process, through regular engagement with Parties ...",20 November2026,Due in 7 months,https://unfccc.int/cop31,2026-03-29
Climate Change Conference 2026: Sustainability Insights,climatechangeconvention.org,Join global experts online at theClimateChangeConference2026on April 24-25 to discuss sustainability insights and connect worldwide.,—,—,https://climatechangeconvention.org/,2026-03-29
Sustainability Summit - new trade fair and conference for sustainability in business,sustainabilitysummit.eu,"It brings together top-notch speakers, experts, decision-makers, innovators and exhibitors to actively shape the sustainable transformation in businesses. Live in Hamburg onJune 24 and 25, 2026...",—,—,https://sustainabilitysummit.eu/,2026-03-29
Flooring Sustainability Summit 2026 program announced - Floor Covering News,fcnews.net,"2 days ago -The event serves as a forum for manufacturers, distributors, architects, designers, policymakers and sustainability professionals. Attendees will explore green building priorities, policy developments and collaborative strategies shaping the ...",—,—,https://www.fcnews.net/2026/03/flooring-sustainability-summit-2026-program-announced/,2026-03-29
Sustainability conferences in 2026: key events,enable.green,"1 month ago -Who will be attending: ESG leaders ... and UN officials. ...This practitioner-focused summit brings together 1,000+ senior sustainability leaders, with 50+ speakers and workshops across 10 themes....",—,—,https://enable.green/news/sustainability-conferences-2026/,2026-03-29
2026 Independent News Sustainability Summit - LION Publishers,lionpublishers.com,2 weeks ago -We're heading to San Diego fromSeptember 9–11for our 2026 Independent News Sustainability Summit.,—,—,https://lionpublishers.com/summit-2026/,2026-03-29
Climate Week | Upcoming Climate Weeks Around the World,climateweeknetwork.org,"Explore 20+ClimateWeeksalready announced for2026and get involved near you—host an event, offer a venue, or support through sponsorship. Use this form to express your interest.",—,—,https://climateweeknetwork.org/,2026-03-29
"DC Climate Week | April 20-26, 2026",dcclimateweek.com,"DCClimateWeek(DCCW) is a community-organized week of events, exhibitions, tours, screenings, and gatherings across Washington, DC. Together, we will explore the challenges of theclimatecrisis and discover the solutions that give us hope.",—,—,https://www.dcclimateweek.com/,2026-03-29
Climate Week NYC,climateweeknyc.org,"ClimateWeekNYC returns: September 20–27,2026Every year, we bring together heads of state, global business leaders, philanthropic leaders, and civil society to accelerate climate action at scale.",—,—,https://www.climateweeknyc.org/,2026-03-29
International Conference on Resilient Systems 2026 - Home,icrs26.org,"ICRS2026is founded on the belief thatresiliencethrives through international collaboration, across borders, disciplines, and perspectives. Now, more than ever, the exchange of knowledge and ideas is essential to addressing global challenges.",—,—,https://www.icrs26.org/home,2026-03-29
2026 Central Coast Regional Climate Resilience Symposium - Central ...,centralcoastclimate.org,"The2026Central Coast Regional ClimateResilienceSymposium, taking place Wednesday, December 9,2026in Santa Cruz, CA, will convene hundreds of climateresilienceleaders, practitioners, and partners working across the 6-county Central Coast region.","December 9,2026",Due in 8 months,https://www.centralcoastclimate.org/symposium/,2026-03-29
2026 NYC Symposium | Registration | Voices Center for Resilience,voicescenter.org,"2026NYCSymposium| Registration Tuesday, September 8th | Professionals Global Security, Law Enforcement, and Emergency Services Virtual attendance is available to all. In person attendance is by invitation and a code is required. To request the code, click here.",—,—,https://voicescenter.org/events/nyc-symposium/2026/registration,2026-03-29
Environmental Conferences in USA 2026/2027/2028 - Conference Index,conferenceindex.org,"EnvironmentalConferencesin USA202620272028 is for the researchers, scientists, scholars, engineers, academic, scientific and university practitioners to present research activities that might want to attend events, meetings, seminars, congresses, workshops, summit, and symposiums.",—,—,https://conferenceindex.org/conferences/environmental/united-states,2026-03-29
Home - Environment Virginia 2026,vmieva.cventevents.com,"The 36th Annual Environment Virginia Symposium is the Commonwealth's premierenvironmentalconferencewhich brings togetherenvironmentalprofessionals throughout Virginia from all sectors: government, non-profits, academia, and industry. Their joint efforts create better results for our environment for our state and region.",—,—,https://vmieva.cventevents.com/event/b92e4a1e-0f51-4fa4-a737-f7e9976c2a09/summary,2026-03-29
"Conferences on Environment in USA 2026, 2027 - Clocate.com",clocate.com,"WithConferenceLocate (Clocate), you can browse events by subject and location. Find information onConferenceson Environment in USA2026,2027, including dates, locations, price ranges, and more.",—,—,https://www.clocate.com/conferences-on+environment+in+usa/c3UtMjUxK2NvLXVz/,2026-03-29
